{"cameraMode":{"drawMode":0,"name":"Shaded","section":"Shading Mode"},"sceneLighting":true,"audioPlay":false,"sceneViewState":{"m_AlwaysRefresh":false,"showFog":true,"showSkybox":true,"showFlares":true,"showImageEffects":true,"showParticleSystems":true,"showVisualEffectGraphs":true,"m_FxEnabled":true},"in2DMode":false,"pivot":{"x":0.0000017881393432617188,"y":1.503180980682373,"z":0.016342580318450929},"rotation":{"x":0.018109546974301339,"y":-0.981955349445343,"z":0.131268709897995,"w":0.1351642906665802},"size":2.3241631984710695,"orthographic":false}